{"stats":{"minecraft:killed_by":{"minecraft:skeleton":1},"minecraft:mined":{"minecraft:fern":4},"minecraft:picked_up":{"minecraft:polished_blackstone_button":1,"minecraft:beef":2,"minecraft:ink_sac":3},"minecraft:used":{"minecraft:command_block":1,"minecraft:polished_blackstone_button":1},"minecraft:killed":{"minecraft:cow":1},"minecraft:custom":{"minecraft:time_since_rest":46956,"minecraft:crouch_one_cm":203,"minecraft:play_time":94697,"minecraft:sprint_one_cm":20131,"minecraft:deaths":15,"minecraft:damage_taken":3690,"minecraft:walk_one_cm":9586,"minecraft:sneak_time":145,"minecraft:walk_under_water_one_cm":22,"minecraft:mob_kills":1,"minecraft:drop":2,"minecraft:jump":306,"minecraft:damage_dealt":244,"minecraft:leave_game":1,"minecraft:walk_on_water_one_cm":681,"minecraft:time_since_death":46950,"minecraft:total_world_time":94697,"minecraft:fall_one_cm":41875,"minecraft:fly_one_cm":128734},"minecraft:dropped":{"minecraft:beef":2,"minecraft:ink_sac":3}},"DataVersion":3465}