{"stats":{"minecraft:custom":{"minecraft:jump":198,"minecraft:time_since_rest":32658,"minecraft:damage_dealt":135,"minecraft:crouch_one_cm":184,"minecraft:leave_game":2,"minecraft:play_time":32658,"minecraft:sprint_one_cm":31387,"minecraft:damage_taken":100,"minecraft:time_since_death":32658,"minecraft:walk_one_cm":15446,"minecraft:sneak_time":336,"minecraft:total_world_time":32658,"minecraft:fall_one_cm":1965,"minecraft:fly_one_cm":163887},"minecraft:used":{"cataclysm:ignitium_leggings":1,"cataclysm:ignitium_chestplate":1,"cataclysm:ignitium_helmet":1,"cataclysm:ignitium_elytra_chestplate":1}},"DataVersion":3465}