{"stats":{"minecraft:used":{"minecraft:moss_block":1,"cataclysm:ignitium_chestplate":1,"minecraft:cooked_porkchop":1,"minecraft:jungle_planks":1,"cataclysm:ignitium_leggings":1,"cataclysm:ignitium_helmet":1,"minecraft:enchanted_golden_apple":1,"cataclysm:ignitium_elytra_chestplate":1},"minecraft:custom":{"minecraft:time_since_rest":63757,"minecraft:crouch_one_cm":633,"minecraft:sprint_one_cm":64052,"minecraft:play_time":63757,"minecraft:damage_taken":160,"minecraft:walk_one_cm":48755,"minecraft:sneak_time":1180,"minecraft:walk_under_water_one_cm":9214,"minecraft:mob_kills":1,"minecraft:drop":3,"minecraft:jump":605,"minecraft:damage_dealt":381,"minecraft:leave_game":6,"minecraft:walk_on_water_one_cm":1010,"minecraft:time_since_death":63757,"minecraft:total_world_time":63757,"minecraft:interact_with_crafting_table":2,"minecraft:fall_one_cm":3853,"minecraft:fly_one_cm":513401},"minecraft:killed":{"minecraft:creeper":1},"minecraft:picked_up":{"minecraft:gunpowder":2},"minecraft:dropped":{"minecraft:moss_block":1,"minecraft:gunpowder":1,"minecraft:wooden_axe":1}},"DataVersion":3465}