{"stats":{"minecraft:killed_by":{"minecraft:skeleton":1},"minecraft:mined":{"minecraft:fern":4},"minecraft:picked_up":{"minecraft:polished_blackstone_button":1,"minecraft:beef":2,"minecraft:ink_sac":3},"minecraft:used":{"minecraft:command_block":1,"minecraft:polished_blackstone_button":1},"minecraft:killed":{"minecraft:spider":1,"minecraft:cow":1},"minecraft:custom":{"minecraft:time_since_rest":825,"minecraft:crouch_one_cm":330,"minecraft:play_time":106726,"minecraft:sprint_one_cm":26597,"minecraft:deaths":20,"minecraft:damage_taken":4925,"minecraft:walk_one_cm":19099,"minecraft:sneak_time":575,"minecraft:walk_under_water_one_cm":143,"minecraft:mob_kills":3,"minecraft:drop":2,"minecraft:jump":425,"minecraft:damage_dealt":394,"minecraft:leave_game":2,"minecraft:walk_on_water_one_cm":1112,"minecraft:time_since_death":818,"minecraft:total_world_time":106726,"minecraft:swim_one_cm":182,"minecraft:fall_one_cm":48441,"minecraft:fly_one_cm":199575},"minecraft:dropped":{"minecraft:beef":2,"minecraft:ink_sac":3}},"DataVersion":3465}