{"stats":{"minecraft:used":{"minecraft:moss_block":1,"cataclysm:ignitium_chestplate":1,"cataclysm:void_forge":1,"minecraft:cooked_porkchop":1,"minecraft:jungle_planks":1,"cataclysm:ignitium_leggings":1,"cataclysm:ignitium_helmet":1,"minecraft:enchanted_golden_apple":1,"cataclysm:ignitium_elytra_chestplate":1},"minecraft:custom":{"minecraft:time_since_rest":24542,"minecraft:crouch_one_cm":1480,"minecraft:sprint_one_cm":75251,"minecraft:play_time":117757,"minecraft:deaths":2,"minecraft:damage_taken":990,"minecraft:walk_one_cm":77425,"minecraft:sneak_time":1879,"minecraft:walk_under_water_one_cm":9214,"minecraft:mob_kills":1,"minecraft:drop":3,"minecraft:jump":738,"minecraft:damage_dealt":399,"minecraft:leave_game":6,"minecraft:walk_on_water_one_cm":2127,"minecraft:time_since_death":24535,"minecraft:total_world_time":117757,"minecraft:interact_with_crafting_table":2,"minecraft:fall_one_cm":4878,"minecraft:fly_one_cm":603870},"minecraft:killed":{"minecraft:creeper":1},"minecraft:killed_by":{"minecraft:player":2},"minecraft:picked_up":{"minecraft:wooden_axe":1,"minecraft:cooked_porkchop":1,"cataclysm:void_assault_shoulder_weapon":1,"minecraft:gunpowder":2},"minecraft:dropped":{"minecraft:moss_block":1,"minecraft:gunpowder":1,"minecraft:wooden_axe":1},"minecraft:mined":{"minecraft:tall_grass":2}},"DataVersion":3465}