{"stats":{"minecraft:custom":{"minecraft:jump":137,"minecraft:time_since_rest":15683,"minecraft:leave_game":1,"minecraft:damage_dealt":82,"minecraft:crouch_one_cm":193,"minecraft:walk_on_water_one_cm":37,"minecraft:sprint_one_cm":15383,"minecraft:play_time":15683,"minecraft:open_enderchest":4,"minecraft:time_since_death":15683,"minecraft:walk_one_cm":15315,"minecraft:sneak_time":45,"minecraft:total_world_time":15683,"minecraft:mob_kills":1,"minecraft:interact_with_crafting_table":1,"minecraft:fall_one_cm":1370,"minecraft:fly_one_cm":27135},"minecraft:killed":{"minecraft:zombie":1},"minecraft:picked_up":{"minecraft:rotten_flesh":2}},"DataVersion":3465}