{"stats":{"minecraft:custom":{"minecraft:jump":96,"minecraft:time_since_rest":9149,"minecraft:damage_dealt":82,"minecraft:crouch_one_cm":193,"minecraft:sprint_one_cm":12377,"minecraft:play_time":9149,"minecraft:time_since_death":9149,"minecraft:walk_one_cm":12112,"minecraft:sneak_time":45,"minecraft:total_world_time":9149,"minecraft:mob_kills":1,"minecraft:fall_one_cm":627,"minecraft:fly_one_cm":15932},"minecraft:killed":{"minecraft:zombie":1},"minecraft:picked_up":{"minecraft:rotten_flesh":2}},"DataVersion":3465}