{
  "minecraft:recipes/decorations/crafting_table": {
    "criteria": {
      "unlock_right_away": "2024-10-29 00:27:39 +0000"
    },
    "done": true
  },
  "cataclysm:root": {
    "criteria": {
      "custom_test_name": "2024-10-29 00:27:39 +0000"
    },
    "done": true
  },
  "minecraft:adventure/adventuring_time": {
    "criteria": {
      "minecraft:deep_ocean": "2024-10-29 00:34:20 +0000",
      "minecraft:bamboo_jungle": "2024-10-29 00:27:40 +0000",
      "minecraft:beach": "2024-10-29 00:34:40 +0000",
      "minecraft:river": "2024-10-29 00:32:44 +0000",
      "minecraft:cold_ocean": "2024-10-29 00:56:12 +0000",
      "minecraft:jungle": "2024-10-29 00:34:59 +0000"
    },
    "done": false
  },
  "DataVersion": 3465
}